dibaryon; 0.973956; 
dibaryon; 0.552215; 0.973956; 
