dibaryon; 0.973956; 
dibaryon; 0.552215; 0.973956; 
dibaryon; 11.100720; 
dibaryon; 14.703139; 11.100720; 
