dibaryon; 0.879543; 
dibaryon; 16.209520; 0.879543; 
dibaryon; 0.866203; 
dibaryon; 16.309751; 0.866203; 
dibaryon; 0.867226; 
dibaryon; 2.408533; 0.867226; 
dibaryon; 0.863127; 
dibaryon; 2.469690; 0.863127; 
dibaryon; 0.858622; 
dibaryon; 2.458197; 0.858622; 
